"1","Rinah","Jasper","1","0","Ap #250-2387 Sed, Road","lectus@suscipit.co.uk","0500 867896","2019-06-23"
"2","Briar","Alexander","0","0","Ap #610-1971 Nullam Street","lorem.auctor.quis@dignissimMaecenas.net","(0118) 998 3358","2019-08-07"
"3","Lysandra","Hyacinth","0","0","132-5097 Montes, Road","lectus.justo.eu@mattissemper.edu","0800 1111","2019-11-06"
"4","Burton","Devin","0","1","P.O. Box 754, 9448 Sociis St.","ligula.tortor.dictum@acsemut.co.uk","(01898) 22002","2019-05-04"
"5","Clark","Brenna","0","1","3304 Condimentum Rd.","ac@porttitorvulputate.org","0800 021 4855","2019-03-31"
"6","Kirk","Gretchen","1","1","3568 Non Av.","posuere.cubilia.Curae@parturientmontesnascetur.co.uk","0932 864 9301","2019-08-16"
"7","Kevin","Abel","1","1","P.O. Box 722, 9362 Scelerisque, St.","Maecenas.ornare@lobortistellusjusto.co.uk","0800 455484","2019-07-19"
"8","Jasper","Cedric","1","1","P.O. Box 110, 5528 Mi. Road","justo.faucibus@facilisisSuspendissecommodo.com","(0171) 629 4371","2019-06-09"
"9","Kirsten","Gil","1","1","P.O. Box 973, 881 Nullam Av.","sociosqu.ad.litora@sodales.com","0845 46 41","2019-07-09"
"10","Bertha","Jocelyn","0","0","277-3194 Mi Ave","nulla.Cras.eu@scelerisque.edu","(01019) 383900","2019-08-04"
"11","Xavier","Axel","0","0","689-7811 In St.","sagittis.Duis@tincidunt.com","0924 138 4134","2019-07-12"
"12","Wang","Rinah","1","1","Ap #415-1094 Quam Road","sodales.nisi.magna@dolorFusce.edu","07624 295120","2019-01-15"
"13","Xantha","Craig","1","0","Ap #782-2024 Arcu. Rd.","nec@Crassed.org","(0191) 022 5448","2019-09-21"
"14","Azalia","Laurel","1","1","173-7428 Donec Rd.","vehicula.Pellentesque.tincidunt@Nullamsuscipit.org","0802 537 5538","2019-08-25"
"15","Anthony","Dexter","0","1","P.O. Box 668, 134 Tempor, Road","malesuada@vulputate.org","(026) 7640 6372","2019-03-10"
"16","Jillian","Julie","0","1","Ap #704-8250 Ac Road","Class.aptent.taciti@arcuac.ca","(0117) 421 8754","2019-07-09"
"17","Mia","Uriah","1","0","6388 Arcu Av.","Nulla.eu@viverra.co.uk","0845 46 40","2019-01-27"
"18","Gwendolyn","Quail","0","0","1178 Suscipit, St.","amet.luctus@Quisquepurussapien.ca","(020) 3121 8878","2019-04-07"
"19","James","Kelly","1","0","Ap #116-937 Vivamus Avenue","Cras@ipsumsodalespurus.edu","(01724) 69432","2019-03-20"
"20","Jason","Sylvester","0","0","Ap #723-6493 Consequat Avenue","nisi.sem@ultricesaauctor.ca","0500 821676","2019-02-28"
"21","Rama","Isabelle","1","1","P.O. Box 728, 9721 Neque. Av.","neque@ataugue.co.uk","(0118) 004 5858","2019-04-22"
"22","Duncan","Jerome","0","1","6518 Eleifend, St.","cubilia.Curae@antebibendumullamcorper.edu","0800 1111","2019-08-23"
"23","Hashim","Benedict","0","0","Ap #175-9482 Lorem, Street","habitant.morbi.tristique@Mauris.org","0852 192 9354","2019-10-06"
"24","Sybill","Sebastian","1","0","Ap #456-5610 Eu St.","bibendum.fermentum@ornare.com","(01562) 34775","2019-08-07"
"25","Cameron","Jamal","0","1","Ap #113-2475 Donec Rd.","vitae.aliquet@metus.org","07624 200474","2019-11-16"
"26","Madeline","Judith","0","1","Ap #883-1565 Tellus. Road","congue.a@semperauctorMauris.com","07624 579298","2019-10-28"
"27","Christen","Travis","1","0","P.O. Box 579, 9850 Pharetra Road","lacus@idrisus.co.uk","(019646) 31227","2019-09-13"
"28","Rhonda","Serena","0","0","P.O. Box 656, 2451 Id Rd.","non.massa.non@lorem.ca","(0191) 875 8225","2019-01-03"
"29","Kenneth","Heidi","0","0","347-2605 Eros. Rd.","congue.In@tempusscelerisque.co.uk","(01871) 92758","2019-01-31"
"30","Vielka","Flavia","1","0","P.O. Box 399, 3344 Eu Av.","Aliquam.erat@dui.edu","0372 590 1428","2019-07-20"
"31","Azalia","Zachary","1","1","Ap #456-4589 Ornare, St.","Donec.est@faucibusorciluctus.com","(017016) 16684","2018-11-30"
"32","Kyle","Chanda","0","1","P.O. Box 375, 9184 Mauris Ave","at.fringilla.purus@elitdictum.edu","07624 725174","2019-01-11"
"33","Levi","Shay","0","0","4694 Molestie Rd.","Quisque@enim.ca","0800 046 8539","2019-11-03"
"34","Inga","Mechelle","1","1","Ap #475-4505 Facilisis. Rd.","ornare.lectus@magna.edu","0801 226 8545","2019-02-12"
"35","Nell","Garth","1","1","6547 Nibh. Ave","felis.ullamcorper.viverra@tellus.net","0800 1111","2019-03-14"
"36","Laurel","Simone","0","1","P.O. Box 118, 2220 Laoreet Street","purus.sapien.gravida@eros.net","(0181) 240 7714","2019-01-22"
"37","Shelby","Summer","0","1","435-3487 Magna Rd.","Curabitur.sed@orciDonecnibh.co.uk","0845 46 47","2019-04-17"
"38","Octavius","Allistair","1","0","784-8229 Ante St.","imperdiet@enim.org","(016977) 0347","2019-09-28"
"39","Paki","Noah","0","1","P.O. Box 474, 555 Diam. Ave","sed@mauris.co.uk","076 1312 8300","2019-01-12"
"40","Sara","Shelby","0","1","Ap #316-3195 Vel Road","semper@magnanec.org","07624 899345","2019-01-31"
"41","Tate","Sydnee","0","0","2882 Condimentum. Ave","neque.et@eleifend.co.uk","0500 289422","2019-02-14"
"42","Vance","Lev","0","0","P.O. Box 335, 2809 Dolor, St.","dolor.Quisque.tincidunt@nonloremvitae.org","055 2603 6531","2019-02-22"
"43","Davis","Elaine","0","1","P.O. Box 563, 9037 Imperdiet Avenue","fringilla.ornare@pede.edu","(016805) 36735","2019-06-28"
"44","Wade","Jenna","1","0","Ap #799-9732 Sed Rd.","sociis.natoque@urnaetarcu.org","0800 004 1079","2018-12-30"
"45","Chandler","Gareth","1","1","Ap #832-3306 Felis. St.","Sed@gravida.net","056 4506 0383","2019-03-12"
"46","Derek","Arsenio","1","0","369 Urna. Road","mauris@dolor.co.uk","0500 031098","2019-01-14"
"47","Laura","Melanie","1","1","5822 Venenatis Avenue","tristique.senectus.et@dui.com","(01013) 74603","2019-09-14"
"48","Adam","Connor","0","1","4144 Cras Street","metus@aliquetmetusurna.co.uk","0935 270 2585","2019-07-27"
"49","Mufutau","Alfreda","1","1","592-785 Ut, Rd.","elementum.at.egestas@viverra.ca","055 6485 9479","2019-02-09"
"50","Garrett","Melanie","0","0","P.O. Box 519, 120 Parturient Av.","massa@Praesent.com","076 1790 0959","2019-11-10"
"51","Quentin","Stuart","1","0","9407 Maecenas Road","erat.neque@elementum.com","0800 1111","2019-01-08"
"52","Callum","Reed","0","0","P.O. Box 305, 5715 Donec Ave","molestie@sapienCrasdolor.net","056 1016 9463","2019-06-06"
"53","Chanda","Shana","1","0","9675 Cras Rd.","nibh@porttitor.org","0800 512827","2019-04-21"
"54","Leroy","Blossom","1","0","P.O. Box 650, 7752 Nec St.","consequat@pede.net","056 1210 5571","2019-10-15"
"55","Zoe","Ezra","0","1","9822 A Avenue","lobortis@augueporttitorinterdum.edu","055 4686 5678","2019-07-18"
"56","Reese","Reuben","0","0","Ap #823-8326 Auctor Street","Cras.dictum.ultricies@augueutlacus.org","0323 112 0952","2019-01-10"
"57","Chantale","Chanda","0","0","P.O. Box 385, 6711 Magna. Av.","Integer.in@pedeultricesa.net","076 1262 6514","2019-04-17"
"58","Adria","Walter","1","0","326-2817 Aliquet Rd.","egestas.Duis.ac@Phasellusinfelis.net","(01553) 251967","2019-05-21"
"59","Leilani","Rajah","1","1","P.O. Box 408, 8784 Orci Av.","ut@ipsum.net","(0116) 848 2502","2019-03-27"
"60","Adrienne","Burke","0","1","7351 Integer Rd.","dui@etcommodoat.edu","0858 992 9227","2019-04-13"
"61","Quinn","Elton","0","1","Ap #554-7772 Malesuada Avenue","lectus.pede@Aeneangravidanunc.com","(015331) 36233","2019-05-15"
"62","Chase","Timothy","1","1","P.O. Box 416, 5155 Nunc Street","posuere@egetmassa.org","0800 275 6854","2019-11-03"
"63","Lynn","Clark","1","0","845-6970 Orci Road","nec.cursus@Nullamvelitdui.net","0500 869606","2019-06-13"
"64","Geraldine","Gil","1","1","939-1403 Donec St.","enim@liberoProin.edu","0800 112169","2019-06-26"
"65","Hollee","Wayne","1","1","P.O. Box 988, 8869 Vestibulum Street","felis@ultriciesligulaNullam.ca","(0115) 567 2796","2019-10-12"
"66","Olivia","Orla","0","0","P.O. Box 557, 6306 Consequat Rd.","interdum@nonnisi.org","0800 1111","2019-03-09"
"67","Pearl","Peter","1","0","Ap #739-335 Donec Road","est.Nunc.ullamcorper@ametultriciessem.org","0857 928 1151","2019-02-21"
"68","Rhona","Colin","1","1","Ap #711-974 Eu Rd.","sociis.natoque@justo.edu","0374 181 9564","2019-04-11"
"69","Kane","Nigel","0","0","Ap #759-6842 Fusce Ave","pede@posuerecubiliaCurae.net","076 9251 0921","2019-03-14"
"70","Ulysses","George","0","0","Ap #697-1869 In Rd.","tellus.eu@eu.co.uk","0800 601 1458","2018-12-15"
"71","Branden","Linus","0","1","P.O. Box 820, 7864 Libero. Av.","convallis.ligula@magnaet.com","070 4599 6677","2019-07-27"
"72","Alma","Nigel","0","0","P.O. Box 678, 4310 Sodales Road","facilisis.eget@tinciduntorci.net","(021) 7911 6987","2019-03-13"
"73","Suki","Jael","0","0","P.O. Box 584, 9126 Et Road","imperdiet.nec@sem.com","0326 430 9775","2019-08-01"
"74","Arsenio","Mannix","0","1","5776 Vivamus Ave","ornare.egestas@et.org","(018434) 32338","2019-10-05"
"75","Henry","Chava","0","0","9450 Dui. Rd.","Sed@nec.net","(016977) 6322","2019-05-08"
"76","Drake","Bryar","0","0","Ap #920-9675 Erat Avenue","non@etmagnis.org","07624 317081","2019-09-02"
"77","Tanner","Malik","0","1","2516 Aliquam Street","ac@enimEtiamimperdiet.com","0800 988801","2019-06-03"
"78","Andrew","Colt","0","1","3870 Nisl Road","Sed.eget@egetipsumDonec.ca","0351 251 2367","2019-08-04"
"79","Hillary","Maite","0","1","3233 Suscipit, St.","risus.at@justonec.com","07624 643154","2019-10-10"
"80","Holmes","Aidan","1","0","506-3087 Porttitor St.","mauris.elit@ultriciesligulaNullam.org","(024) 0340 8317","2019-07-16"
"81","Zelda","Glenna","0","0","P.O. Box 348, 8544 Vel Rd.","feugiat@atpedeCras.co.uk","(01557) 91920","2019-07-19"
"82","Abigail","Sawyer","1","0","P.O. Box 323, 8017 Malesuada Rd.","amet.lorem.semper@eleifendCras.ca","(016977) 1890","2019-01-08"
"83","Yuli","Kylynn","0","1","1828 Quam Rd.","risus@Maecenaslibero.edu","056 1120 8922","2019-05-01"
"84","Odessa","Eric","1","0","553-1706 Egestas St.","magna.Suspendisse.tristique@mauris.org","0800 1111","2019-08-02"
"85","Dahlia","Sybil","0","1","P.O. Box 907, 1887 Nec Rd.","tempus@sem.net","056 3461 3869","2019-07-31"
"86","Anjolie","Hamilton","1","1","Ap #498-9326 Vitae Av.","dictum@vestibulumneceuismod.ca","0963 501 8575","2019-09-06"
"87","Carter","Ciaran","0","1","8924 Ac Avenue","lacus.Quisque.purus@lacus.com","070 4591 9806","2019-06-11"
"88","Ivana","Damon","1","1","932-4737 Elit. St.","tempor@metuseuerat.com","0954 749 0999","2019-11-18"
"89","Hillary","Baker","1","1","P.O. Box 493, 3911 Vulputate Street","ac.mattis.semper@Sedidrisus.edu","0500 420463","2019-10-10"
"90","Nathaniel","Simone","1","1","583-5033 Amet, Avenue","pede.Cum@Nuncmauris.ca","0800 267614","2019-01-27"
"91","Ariel","Chelsea","1","0","715-3076 Venenatis St.","a.feugiat@Maecenaslibero.edu","0800 584 4651","2019-03-22"
"92","Hiroko","Quentin","1","1","P.O. Box 686, 6697 Est Street","mauris@velturpis.co.uk","0500 929454","2019-10-16"
"93","Stewart","Rose","0","0","Ap #456-805 Semper Ave","eros@egestashendrerit.com","0929 788 0485","2019-02-18"
"94","Vivien","Buffy","1","1","653-8482 Adipiscing. Rd.","ligula.elit@sedorci.com","070 5426 6676","2019-01-20"
"95","Reagan","Kuame","1","1","321-8126 Purus St.","quis.turpis.vitae@vitaemaurissit.ca","(0110) 283 3363","2019-05-09"
"96","Lilah","Raja","0","0","605 Ultrices Rd.","malesuada@ettristiquepellentesque.com","0800 1111","2018-12-11"
"97","Todd","Caldwell","1","1","1255 Suspendisse St.","ante.blandit.viverra@Donecat.ca","0806 586 8045","2019-06-13"
"98","Dustin","Phyllis","0","0","4195 Malesuada Rd.","dolor.vitae@magnaet.org","(016977) 3688","2019-07-24"
"99","Gil","Lance","0","1","309-844 Donec Rd.","lacus@Pellentesque.org","056 3253 1797","2019-03-25"
"100","Dieter","Taylor","0","1","525-6228 Malesuada Av.","facilisi@sedsapienNunc.edu","056 5821 5632","2019-07-13"
